step,P_vac,dS_vac,P_def,dS_def,P_loc_vac,dS_loc_vac,P_loc_def,dS_loc_def
2,2.506000e-1,3.8523,2.486600e-1,4.0161,2.507000e-1,3.9878,2.508600e-1,4.0173
4,6.594000e-2,4.8125,6.182000e-2,5.0807,6.294000e-2,4.9445,6.234000e-2,4.9479
6,1.782000e-2,7.6208,1.526000e-2,8.1250,1.658000e-2,7.5360,1.656000e-2,7.6361
8,4.700000e-3,10.1313,3.700000e-3,9.1350,4.620000e-3,10.4817,4.420000e-3,11.0691
10,1.340000e-3,10.1532,1.480000e-3,8.0739,1.140000e-3,12.5882,9.800000e-4,12.9509
12,6.000000e-4,10.2225,7.200000e-4,7.4868,3.600000e-4,15.7918,3.200000e-4,8.3627
14,2.400000e-4,8.3702,4.200000e-4,6.5660,8.000000e-5,15.2754,2.400000e-4,5.7472
16,1.800000e-4,2.2894,2.800000e-4,3.2268,4.000000e-5,11.0323,1.400000e-4,14.2591
18,1.800000e-4,1.0557,2.800000e-4,-0.0000,2.000000e-5,-0.0000,4.000000e-5,7.5942
20,1.600000e-4,1.1739,2.800000e-4,0.7386,4.000000e-5,-10.9494,6.000000e-5,587.5389
22,1.600000e-4,-0.0000,2.600000e-4,-0.0000,6.000000e-5,-10.0514,0.000000e0,-0.0000
24,1.600000e-4,-2.6715,2.800000e-4,-0.8872,1.000000e-4,-8.2985,6.000000e-5,-705.7705
26,2.000000e-4,-4.1317,2.800000e-4,-0.0000,1.200000e-4,6.6276,4.000000e-5,14.2537
28,2.200000e-4,1.4725,2.800000e-4,1.0357,6.000000e-5,2.5482,2.000000e-5,-5.6668
30,1.800000e-4,4.7697,2.600000e-4,-0.0000,1.000000e-4,6.0730,6.000000e-5,-0.0000
32,1.600000e-4,1.8821,2.800000e-4,-4.2866,4.000000e-5,25.7174,2.000000e-5,17.5549
34,1.600000e-4,-0.0000,3.400000e-4,-1.1715,2.000000e-5,-6.8849,2.000000e-5,-0.0000
36,1.600000e-4,-4.0124,3.000000e-4,3.4912,6.000000e-5,-19.7547,2.000000e-5,-0.0000
38,2.000000e-4,-2.2358,2.800000e-4,-0.0000,6.000000e-5,1126.7292,2.000000e-5,-34.0120
40,1.800000e-4,-0.0000,3.000000e-4,-0.0000,0.000000e0,21.9539,1.200000e-4,-38.8857
42,2.000000e-4,-0.0000,2.800000e-4,3.0028,2.000000e-5,-1237.0331,1.400000e-4,14.5451
44,1.800000e-4,4.9058,2.600000e-4,1.6293,4.000000e-5,-0.0000,6.000000e-5,18.6277
46,1.600000e-4,2.7073,2.600000e-4,-1.7034,2.000000e-5,1355.0164,6.000000e-5,-11.7416
48,1.600000e-4,-0.0000,2.800000e-4,-4.9805,0.000000e0,-16.6259,1.000000e-4,26.3514
50,1.600000e-4,-0.0000,3.200000e-4,-1.7239,4.000000e-5,-1455.6673,2.000000e-5,22.8950
52,1.600000e-4,-3.0608,3.000000e-4,5.3960,2.000000e-5,1531.9679,4.000000e-5,-18.0129
54,1.800000e-4,-6.0221,2.600000e-4,3.8620,0.000000e0,-29.6490,4.000000e-5,-18.7064
56,2.000000e-4,-5.6164,2.600000e-4,-0.0000,6.000000e-5,-0.0000,8.000000e-5,-19.3999
58,2.200000e-4,-2.7629,2.600000e-4,-0.0000,0.000000e0,-14.8081,8.000000e-5,40.1866
60,2.200000e-4,9.5501,2.600000e-4,-0.0000,1.000000e-4,-1767.8724,2.000000e-5,41.5734
62,1.600000e-4,9.8686,2.600000e-4,-4.4346,4.000000e-5,49.8753,2.000000e-5,-49.8753
64,1.600000e-4,-0.0000,3.000000e-4,-6.6423,2.000000e-5,-22.1735,1.000000e-4,-22.1735
66,1.600000e-4,-3.8857,3.200000e-4,2.2761,8.000000e-5,-36.2431,4.000000e-5,53.0952
68,1.800000e-4,-7.5847,2.800000e-4,2.1937,6.000000e-5,47.1204,2.000000e-5,2003.7533
70,2.000000e-4,4.1213,3.000000e-4,-0.0000,2.000000e-5,14.1874,0.000000e0,-24.2535
72,1.600000e-4,3.7920,2.800000e-4,5.1503,4.000000e-5,2096.7403,4.000000e-5,-2096.7403
74,1.800000e-4,-8.2543,2.600000e-4,-2.5521,0.000000e0,2180.6529,2.000000e-5,-0.0000
76,2.000000e-4,-0.0000,3.000000e-4,-2.8155,0.000000e0,-2213.2843,4.000000e-5,-26.3335
78,1.800000e-4,4.1082,2.800000e-4,2.6901,2.000000e-5,-2271.5552,4.000000e-5,-27.0268
80,1.800000e-4,4.7103,2.800000e-4,2.9637,2.000000e-5,-0.0000,8.000000e-5,27.7201
82,1.600000e-4,4.8281,2.600000e-4,3.0378,2.000000e-5,2388.0950,2.000000e-5,28.4134
84,1.600000e-4,-0.0000,2.600000e-4,-3.1119,0.000000e0,2446.3641,4.000000e-5,-0.0000
86,1.600000e-4,-0.0000,2.800000e-4,-3.1861,0.000000e0,-2504.6326,2.000000e-5,29.8000
88,1.600000e-4,-9.8166,2.800000e-4,-0.0000,2.000000e-5,-2562.9007,2.000000e-5,2562.9007
90,2.000000e-4,-5.2994,2.800000e-4,3.3343,2.000000e-5,-0.0000,0.000000e0,2621.1683
92,1.800000e-4,4.8458,2.600000e-4,3.4084,2.000000e-5,-50.5282,0.000000e0,-2743.1949
94,1.800000e-4,5.5350,2.600000e-4,-12.6065,6.000000e-5,-0.0000,8.000000e-5,-2813.3343
96,1.600000e-4,5.6528,3.400000e-4,-3.5567,2.000000e-5,-0.0000,1.000000e-4,13.8067
98,1.600000e-4,-0.0000,2.800000e-4,13.1431,6.000000e-5,-78.8515,6.000000e-5,44.8920
100,1.600000e-4,-0.0000,2.600000e-4,7.3364,1.000000e-4,-50.5700,4.000000e-5,40.1397
