step,P_vac,dS_vac,P_def,dS_def,P_Gen1,dS_Gen1,P_Gen2,dS_Gen2,P_Gen3,dS_Gen3,P_Anti1,dS_Anti1,Flux_Attr,Flux_Repu
2,2.979125248508946e-1,2.5956,2.640159045725646e-1,3.7664,2.647058823529412e-1,3.6578,2.580000000000000e-1,3.7639,2.500000000000000e-1,3.8868,2.430000000000000e-1,3.9412,0e0,0e0
4,1.211729622266402e-1,2.5268,7.157057654075547e-2,4.7450,7.450980392156863e-2,4.9299,7.000000000000001e-2,5.0616,6.500000000000000e-2,5.3823,6.200000000000000e-2,5.3306,0e0,0e0
6,7.435387673956262e-2,1.7879,1.948310139165010e-2,7.3690,1.764705882352941e-2,9.3259,1.600000000000000e-2,9.0886,1.300000000000000e-2,10.0447,1.300000000000000e-2,8.7385,0e0,0e0
8,6.520874751491054e-2,0.6784,5.566600397614314e-3,8.0624,2.941176470588235e-3,254.6480,3.000000000000000e-3,254.2644,2.000000000000000e-3,253.4514,3.000000000000000e-3,10.0424,0e0,0e0
10,6.252485089463221e-2,0.2625,2.485089463220676e-3,8.0276,0.000000000000000e0,5.4190,0.000000000000000e0,5.4190,0.000000000000000e0,310.0782,1.000000000000000e-3,312.0782,0e0,0e0
12,6.182902584493042e-2,0.0953,1.093439363817097e-3,8.4828,9.803921568627451e-4,-0.0000,1.000000000000000e-3,-0.0000,0.000000000000000e0,-0.0000,0.000000000000000e0,369.5389,0e0,0e0
14,6.153081510934394e-2,0.0449,5.964214711729623e-4,4.2139,0.000000000000000e0,432.0742,0.000000000000000e0,432.2118,0.000000000000000e0,-0.0000,0.000000000000000e0,-0.0000,0e0,0e0
16,6.143141153081511e-2,0.0129,5.964214711729623e-4,-2.2894,0.000000000000000e0,-0.0000,0.000000000000000e0,-0.0000,0.000000000000000e0,-0.0000,0.000000000000000e0,-494.7571,0e0,0e0
18,6.143141153081511e-2,-0.0000,7.952286282306163e-4,-4.5784,0.000000000000000e0,-0.0000,0.000000000000000e0,-0.0000,0.000000000000000e0,-0.0000,1.000000000000000e-3,-0.0000,0e0,0e0
20,6.143141153081511e-2,-0.0000,9.940357852882703e-4,-0.0000,0.000000000000000e0,-0.0000,0.000000000000000e0,-0.0000,0.000000000000000e0,-0.0000,0.000000000000000e0,619.6201,0e0,0e0
22,6.143141153081511e-2,-0.0000,7.952286282306163e-4,5.6036,0.000000000000000e0,-681.7624,0.000000000000000e0,-0.0000,0.000000000000000e0,-0.0000,0.000000000000000e0,-0.0000,0e0,0e0
24,6.143141153081511e-2,-0.0000,5.964214711729623e-4,3.4442,9.803921568627451e-4,-0.0000,0.000000000000000e0,-0.0000,0.000000000000000e0,-0.0000,0.000000000000000e0,-0.0000,0e0,0e0
26,6.143141153081511e-2,-0.0000,5.964214711729623e-4,-2.0000,0.000000000000000e0,-0.0000,0.000000000000000e0,-0.0000,0.000000000000000e0,-0.0000,0.000000000000000e0,-0.0000,0e0,0e0
28,6.143141153081511e-2,-0.0000,6.958250497017893e-4,-0.0000,9.803921568627451e-4,-868.6181,0.000000000000000e0,-0.0000,0.000000000000000e0,-0.0000,0.000000000000000e0,-868.8949,0e0,0e0
30,6.143141153081511e-2,-0.0000,5.964214711729623e-4,2.3088,9.803921568627451e-4,-0.0000,0.000000000000000e0,-0.0000,0.000000000000000e0,-931.1638,1.000000000000000e-3,-0.0000,0e0,0e0
32,6.143141153081511e-2,-0.0000,5.964214711729623e-4,-0.0000,9.803921568627451e-4,993.1038,0.000000000000000e0,-993.4202,1.000000000000000e-3,-0.0000,0.000000000000000e0,993.4202,0e0,0e0
34,6.143141153081511e-2,-0.0000,5.964214711729623e-4,-2.6175,0.000000000000000e0,1055.3302,1.000000000000000e-3,-0.0000,0.000000000000000e0,1055.6664,0.000000000000000e0,-1055.6664,0e0,0e0
36,6.143141153081511e-2,-0.0000,6.958250497017893e-4,-2.7719,0.000000000000000e0,-0.0000,0.000000000000000e0,1117.9041,0.000000000000000e0,-0.0000,1.000000000000000e-3,-0.0000,0e0,0e0
38,6.143141153081511e-2,-0.0000,6.958250497017893e-4,-0.0000,0.000000000000000e0,-0.0000,0.000000000000000e0,-0.0000,0.000000000000000e0,-0.0000,0.000000000000000e0,1180.1346,0e0,0e0
40,6.143141153081511e-2,-0.0000,6.958250497017893e-4,-0.0000,0.000000000000000e0,-0.0000,0.000000000000000e0,-0.0000,0.000000000000000e0,-0.0000,0.000000000000000e0,-0.0000,0e0,0e0
42,6.143141153081511e-2,-0.0000,6.958250497017893e-4,-0.0000,0.000000000000000e0,-0.0000,0.000000000000000e0,-0.0000,0.000000000000000e0,-0.0000,0.000000000000000e0,-1304.5783,0e0,0e0
44,6.143141153081511e-2,-0.0000,6.958250497017893e-4,3.3890,0.000000000000000e0,-0.0000,0.000000000000000e0,-1366.7931,0.000000000000000e0,-0.0000,1.000000000000000e-3,-1366.7931,0e0,0e0
46,6.143141153081511e-2,-0.0000,5.964214711729623e-4,-0.0000,0.000000000000000e0,-0.0000,1.000000000000000e-3,-0.0000,0.000000000000000e0,-0.0000,1.000000000000000e-3,-0.0000,0e0,0e0
48,6.143141153081511e-2,-0.0000,6.958250497017893e-4,-0.0000,0.000000000000000e0,-0.0000,0.000000000000000e0,1491.2113,0.000000000000000e0,-0.0000,1.000000000000000e-3,1491.2113,0e0,0e0
50,6.143141153081511e-2,-0.0000,5.964214711729623e-4,-0.0000,0.000000000000000e0,-0.0000,0.000000000000000e0,-0.0000,0.000000000000000e0,-0.0000,0.000000000000000e0,1553.4157,0e0,0e0
52,6.143141153081511e-2,-0.0000,6.958250497017893e-4,-10.5369,0.000000000000000e0,-0.0000,0.000000000000000e0,-0.0000,0.000000000000000e0,-0.0000,0.000000000000000e0,-0.0000,0e0,0e0
54,6.143141153081511e-2,-0.0000,8.946322067594434e-4,4.1602,0.000000000000000e0,-0.0000,0.000000000000000e0,-0.0000,0.000000000000000e0,-0.0000,0.000000000000000e0,-0.0000,0e0,0e0
56,6.143141153081511e-2,-0.0000,5.964214711729623e-4,3.2965,0.000000000000000e0,-0.0000,0.000000000000000e0,-0.0000,0.000000000000000e0,-0.0000,0.000000000000000e0,-0.0000,0e0,0e0
58,6.143141153081511e-2,-0.0000,7.952286282306163e-4,-4.4686,0.000000000000000e0,-0.0000,0.000000000000000e0,-0.0000,0.000000000000000e0,-1802.2093,0.000000000000000e0,-0.0000,0e0,0e0
60,6.143141153081511e-2,-0.0000,6.958250497017893e-4,-0.0000,0.000000000000000e0,-1863.8091,0.000000000000000e0,-0.0000,1.000000000000000e-3,-0.0000,0.000000000000000e0,-0.0000,0e0,0e0
62,6.143141153081511e-2,-0.0000,7.952286282306163e-4,4.7770,9.803921568627451e-4,-0.0000,0.000000000000000e0,-1926.5950,0.000000000000000e0,1926.5950,0.000000000000000e0,-0.0000,0e0,0e0
64,6.143141153081511e-2,-0.0000,5.964214711729623e-4,4.2716,0.000000000000000e0,1988.1523,1.000000000000000e-3,-0.0000,0.000000000000000e0,-0.0000,0.000000000000000e0,-1988.7857,0e0,0e0
66,6.143141153081511e-2,-0.0000,6.958250497017893e-4,-0.0000,0.000000000000000e0,-0.0000,0.000000000000000e0,2050.9752,0.000000000000000e0,-0.0000,1.000000000000000e-3,-0.0000,0e0,0e0
68,6.143141153081511e-2,-0.0000,5.964214711729623e-4,-0.0000,0.000000000000000e0,-0.0000,0.000000000000000e0,-0.0000,0.000000000000000e0,-0.0000,0.000000000000000e0,2113.1635,0e0,0e0
70,6.143141153081511e-2,-0.0000,6.958250497017893e-4,-10.0661,0.000000000000000e0,-0.0000,0.000000000000000e0,-0.0000,0.000000000000000e0,-0.0000,0.000000000000000e0,-0.0000,0e0,0e0
72,6.143141153081511e-2,-0.0000,7.952286282306163e-4,-4.8059,0.000000000000000e0,-2236.8242,0.000000000000000e0,-0.0000,0.000000000000000e0,-0.0000,0.000000000000000e0,-2237.5369,0e0,0e0
74,6.143141153081511e-2,-0.0000,7.952286282306163e-4,-0.0000,9.803921568627451e-4,-0.0000,0.000000000000000e0,-0.0000,0.000000000000000e0,-0.0000,1.000000000000000e-3,-0.0000,0e0,0e0
76,6.143141153081511e-2,-0.0000,7.952286282306163e-4,-4.4747,0.000000000000000e0,2361.1545,0.000000000000000e0,-0.0000,0.000000000000000e0,-0.0000,0.000000000000000e0,2361.9069,0e0,0e0
78,6.143141153081511e-2,-0.0000,8.946322067594434e-4,5.2066,0.000000000000000e0,-0.0000,0.000000000000000e0,-0.0000,0.000000000000000e0,-0.0000,0.000000000000000e0,-0.0000,0e0,0e0
80,6.143141153081511e-2,-0.0000,6.958250497017893e-4,4.7103,0.000000000000000e0,-0.0000,0.000000000000000e0,-2486.2737,0.000000000000000e0,-0.0000,0.000000000000000e0,-0.0000,0e0,0e0
82,6.143141153081511e-2,-0.0000,7.952286282306163e-4,-0.0000,0.000000000000000e0,-0.0000,1.000000000000000e-3,-0.0000,0.000000000000000e0,-0.0000,0.000000000000000e0,-0.0000,0e0,0e0
84,6.143141153081511e-2,-0.0000,6.958250497017893e-4,5.6073,0.000000000000000e0,-0.0000,0.000000000000000e0,2610.6380,0.000000000000000e0,-0.0000,0.000000000000000e0,-0.0000,0e0,0e0
86,6.143141153081511e-2,-0.0000,6.958250497017893e-4,-0.0000,0.000000000000000e0,-0.0000,0.000000000000000e0,-0.0000,0.000000000000000e0,-0.0000,0.000000000000000e0,-0.0000,0e0,0e0
88,6.143141153081511e-2,-0.0000,6.958250497017893e-4,6.7815,0.000000000000000e0,-0.0000,0.000000000000000e0,-0.0000,0.000000000000000e0,-0.0000,0.000000000000000e0,-0.0000,0e0,0e0
90,6.143141153081511e-2,-0.0000,5.964214711729623e-4,-6.0079,0.000000000000000e0,-0.0000,0.000000000000000e0,-0.0000,0.000000000000000e0,-0.0000,0.000000000000000e0,-0.0000,0e0,0e0
92,6.143141153081511e-2,-0.0000,7.952286282306163e-4,-18.6485,0.000000000000000e0,-0.0000,0.000000000000000e0,-2859.3601,0.000000000000000e0,-0.0000,0.000000000000000e0,-0.0000,0e0,0e0
94,6.143141153081511e-2,-0.0000,8.946322067594434e-4,6.2750,0.000000000000000e0,-0.0000,1.000000000000000e-3,-0.0000,0.000000000000000e0,-0.0000,0.000000000000000e0,-0.0000,0e0,0e0
96,6.143141153081511e-2,-0.0000,6.958250497017893e-4,19.4595,0.000000000000000e0,-0.0000,0.000000000000000e0,2983.7185,0.000000000000000e0,-0.0000,0.000000000000000e0,-0.0000,0e0,0e0
98,6.143141153081511e-2,-0.0000,5.964214711729623e-4,7.5523,0.000000000000000e0,-0.0000,0.000000000000000e0,-0.0000,0.000000000000000e0,-0.0000,0.000000000000000e0,-0.0000,0e0,0e0
100,6.143141153081511e-2,-0.0000,5.964214711729623e-4,-0.0000,0.000000000000000e0,-0.0000,0.000000000000000e0,-0.0000,0.000000000000000e0,-0.0000,0.000000000000000e0,-0.0000,0e0,0e0
